{"anchor_cls": 3.0897401571273804, "anchor_residual_reg": 0.009645219073135296, "data_time": 0.002046616282314062, "depth_estimate_loss": 3.110837459564209, "eta_seconds": 10938.750940589234, "fast_rcnn/cls_accuracy": 0.884765625, "fast_rcnn/false_negative": 0.75, "fast_rcnn/fg_cls_accuracy": 0.25, "iteration": 19, "loss_box_reg": 0.0003957100707339123, "loss_cls": 0.5301086902618408, "loss_mask": 0.6939746141433716, "loss_rpn_cls": 0.6938921809196472, "loss_rpn_loc": 0.013866302091628313, "lr": 1.9981e-06, "mask_rcnn/accuracy": 0.44355867346938777, "mask_rcnn/false_negative": 0.5862204724409449, "mask_rcnn/false_positive": 0.4463087248322148, "mean IOU": 0.10588285193684926, "mean MAE": 0.7278175354003906, "mean f measure": 0.6360912322998048, "roi_head/num_bg_samples": 127.0, "roi_head/num_fg_samples": 1.0, "rpn/num_neg_anchors": 251.5, "rpn/num_pos_anchors": 4.5, "time": 0.2188625638373196, "total_loss": 8.098350954390625}
{"anchor_cls": 2.200641632080078, "anchor_residual_reg": 0.009465093021716813, "data_time": 0.002037776168435812, "depth_estimate_loss": 2.969329833984375, "eta_seconds": 10990.435936301947, "fast_rcnn/cls_accuracy": 0.9921875, "fast_rcnn/false_negative": 1.0, "fast_rcnn/fg_cls_accuracy": 0.0, "iteration": 39, "loss_box_reg": 0.0003796558012254536, "loss_cls": 0.39136987924575806, "loss_mask": 0.6913521885871887, "loss_rpn_cls": 0.6915374398231506, "loss_rpn_loc": 0.013809103053063154, "lr": 3.9961e-06, "mask_rcnn/accuracy": 0.5816326530612245, "mask_rcnn/false_negative": 0.3291141890905861, "mask_rcnn/false_positive": 0.6844957947498089, "mean IOU": 0.10407471276836812, "mean MAE": 0.8843620300292969, "mean f measure": 0.5578189849853517, "roi_head/num_bg_samples": 127.0, "roi_head/num_fg_samples": 1.0, "rpn/num_neg_anchors": 251.5, "rpn/num_pos_anchors": 4.5, "time": 0.22077715396881104, "total_loss": 6.828603423464622}
{"anchor_cls": 0.8655810356140137, "anchor_residual_reg": 0.009412123308760342, "data_time": 0.002059667371213436, "depth_estimate_loss": 2.7487778663635254, "eta_seconds": 10950.980699798092, "fast_rcnn/cls_accuracy": 0.9921875, "fast_rcnn/false_negative": 1.0, "fast_rcnn/fg_cls_accuracy": 0.0, "iteration": 59, "loss_box_reg": 0.0003913944528903812, "loss_cls": 0.23243264853954315, "loss_mask": 0.6872467398643494, "loss_rpn_cls": 0.6868836581707001, "loss_rpn_loc": 0.013710032682865858, "lr": 5.994100000000001e-06, "mask_rcnn/accuracy": 0.7378826530612245, "mask_rcnn/false_negative": 0.008232139141175128, "mask_rcnn/false_positive": 0.9798063036275593, "mean IOU": 0.1005125762674656, "mean MAE": 1.0949195861816405, "mean f measure": 0.45254020690917973, "roi_head/num_bg_samples": 127.0, "roi_head/num_fg_samples": 1.0, "rpn/num_neg_anchors": 251.5, "rpn/num_pos_anchors": 4.5, "time": 0.21836040262132883, "total_loss": 5.3259663335860346}
{"anchor_cls": 0.2380009889602661, "anchor_residual_reg": 0.01078289599599025, "data_time": 0.0021910136565566063, "depth_estimate_loss": 2.334169626235962, "eta_seconds": 10934.657181501389, "fast_rcnn/cls_accuracy": 0.990234375, "fast_rcnn/false_negative": 1.0, "fast_rcnn/fg_cls_accuracy": 0.0, "iteration": 79, "loss_box_reg": 0.008401607512496412, "loss_cls": 0.12942907959222794, "loss_mask": 0.6842047870159149, "loss_rpn_cls": 0.6779114305973053, "loss_rpn_loc": 0.013620227575302124, "lr": 7.992100000000001e-06, "mask_rcnn/accuracy": 0.7001488095238095, "mask_rcnn/false_negative": 0.0, "mask_rcnn/false_positive": 1.0, "mean IOU": 0.09840371921509222, "mean MAE": 1.2569625854492188, "mean f measure": 0.37151870727539066, "roi_head/num_bg_samples": 126.75, "roi_head/num_fg_samples": 1.25, "rpn/num_neg_anchors": 251.5, "rpn/num_pos_anchors": 4.5, "time": 0.21834816969931126, "total_loss": 4.1023397844686045}
{"anchor_cls": 0.15884971618652344, "anchor_residual_reg": 0.011752091755579881, "data_time": 0.002084486186504364, "depth_estimate_loss": 2.200373888015747, "eta_seconds": 10932.466745367274, "fast_rcnn/cls_accuracy": 0.98828125, "fast_rcnn/false_negative": 1.0, "fast_rcnn/fg_cls_accuracy": 0.0, "iteration": 89, "loss_box_reg": 0.008368477385374717, "loss_cls": 0.1094605103135109, "loss_mask": 0.6820400655269623, "loss_rpn_cls": 0.6708468198776245, "loss_rpn_loc": 0.013511815574020147, "lr": 8.9911e-06, "mask_rcnn/accuracy": 0.6645408163265306, "mask_rcnn/false_negative": 0.0, "mask_rcnn/false_positive": 1.0, "mean IOU": 0.09862182936499266, "mean MAE": 1.3110748291015626, "mean f measure": 0.34446258544921876, "roi_head/num_bg_samples": 126.75, "roi_head/num_fg_samples": 1.25, "rpn/num_neg_anchors": 251.5, "rpn/num_pos_anchors": 4.5, "time": 0.2179892691783607, "total_loss": 3.874824200740017}
