{
    "8fca205ff4f740c8ad4e01e2796db860_i1_2.jpg":{
        "ref":[
            0.0434502512216568,
            0.029587343335151672,
            0.006737579591572285,
            0.9955719259157125,
            0.9992012779552716,
            0.9998003194888179,
            1.0,
            1.0,
            1.0,
            0.14925311505794525,
            0.14464275538921356,
            0.023724554106593132,
            0.9449381923045087,
            0.9738518421070852,
            0.9880389400873798,
            0.9931834075346022,
            0.9965138097447154,
            0.9982586358506373,
            0.14808455109596252,
            0.14345696568489075,
            0.023435059934854507,
            0.9436996934121186,
            0.9742838475202646,
            0.9882393776670683,
            0.9932995759914518,
            0.9965732214440792,
            0.998288312200965
        ],
        "raw":[
            0.0434502512216568,
            0.029587343335151672,
            0.006737579591572285,
            0.9955719259157125,
            0.9992012779552716,
            0.9998003194888179,
            1.0,
            1.0,
            1.0,
            0.14925311505794525,
            0.14464275538921356,
            0.023724554106593132,
            0.9449381923045087,
            0.9738518421070852,
            0.9880389400873798,
            0.9931834075346022,
            0.9965138097447154,
            0.9982586358506373,
            0.14808455109596252,
            0.14345696568489075,
            0.023435059934854507,
            0.9436996934121186,
            0.9742838475202646,
            0.9882393776670683,
            0.9932995759914518,
            0.9965732214440792,
            0.998288312200965
        ]
    },
    "0cf8775a4e474671bc23337c84da1540_i1_5.jpg":{
        "ref":[
            0.19751183688640594,
            0.19991573691368103,
            0.021199272945523262,
            0.9456177563069513,
            0.9521290663845543,
            0.9628594098311104,
            0.9894207881512828,
            0.9995466052064835,
            0.9996599539048626,
            0.029056616127490997,
            0.024143332615494728,
            0.009479024447500706,
            0.988293570438805,
            0.994639015146118,
            0.9974424005813374,
            0.9991344057677786,
            0.9999786273029081,
            1.0,
            0.064285047352314,
            0.0630556270480156,
            0.010488792322576046,
            0.9837580365914664,
            0.9909765331267354,
            0.9944628726004967,
            0.9982975204997412,
            0.9999414060592645,
            0.9999707030296323
        ],
        "raw":[
            0.19751183688640594,
            0.19991573691368103,
            0.021199272945523262,
            0.9456177563069513,
            0.9521290663845543,
            0.9628594098311104,
            0.9894207881512828,
            0.9995466052064835,
            0.9996599539048626,
            0.029056616127490997,
            0.024143332615494728,
            0.009479024447500706,
            0.988293570438805,
            0.994639015146118,
            0.9974424005813374,
            0.9991344057677786,
            0.9999786273029081,
            1.0,
            0.064285047352314,
            0.0630556270480156,
            0.010488792322576046,
            0.9837580365914664,
            0.9909765331267354,
            0.9944628726004967,
            0.9982975204997412,
            0.9999414060592645,
            0.9999707030296323
        ]
    },
    "06257b2442c84a7d9a494429e42d3d6f_i1_0.jpg":{
        "ref":[
            0.027878012508153915,
            0.025092467665672302,
            0.006347606424242258,
            0.9950069081150031,
            0.9990037856146643,
            0.9995018928073321,
            0.9996347213920436,
            0.9997011356843993,
            0.9998339642691108,
            0.021076424047350883,
            0.017090657725930214,
            0.007190811913460493,
            0.9881257063342462,
            0.9986643081477203,
            0.9996353922241075,
            0.9999169705064799,
            0.9999494603082921,
            0.9999639002202086,
            0.021837208420038223,
            0.018032943829894066,
            0.007108134217560291,
            0.9869525233476529,
            0.998697594456962,
            0.999622302392519,
            0.9998892955288418,
            0.9999251116812753,
            0.9999511597921361
        ],
        "raw":[
            0.027878012508153915,
            0.025092467665672302,
            0.006347606424242258,
            0.9950069081150031,
            0.9990037856146643,
            0.9995018928073321,
            0.9996347213920436,
            0.9997011356843993,
            0.9998339642691108,
            0.021076424047350883,
            0.017090657725930214,
            0.007190811913460493,
            0.9881257063342462,
            0.9986643081477203,
            0.9996353922241075,
            0.9999169705064799,
            0.9999494603082921,
            0.9999639002202086,
            0.021837208420038223,
            0.018032943829894066,
            0.007108134217560291,
            0.9869525233476529,
            0.998697594456962,
            0.999622302392519,
            0.9998892955288418,
            0.9999251116812753,
            0.9999511597921361
        ]
    },
    "a313bf96ab8b4693b32d558920f4b4cb_i1_1.jpg":{
        "ref":[
            0.016217144206166267,
            0.016301549971103668,
            0.010739503428339958,
            0.9944156628934125,
            0.9994648898708831,
            1.0,
            1.0,
            1.0,
            1.0,
            0.08821553736925125,
            0.07896362990140915,
            0.012937766499817371,
            0.9424965319276867,
            0.9800255147070622,
            0.9948047884204952,
            0.9989770046696728,
            0.9999879647608196,
            1.0,
            0.07977496832609177,
            0.07148090749979019,
            0.01252321619540453,
            0.9520339343899271,
            0.98369140625,
            0.9957845052083333,
            0.999169921875,
            0.999990234375,
            1.0
        ],
        "raw":[
            0.016217144206166267,
            0.016301549971103668,
            0.010739503428339958,
            0.9944156628934125,
            0.9994648898708831,
            1.0,
            1.0,
            1.0,
            1.0,
            0.08821553736925125,
            0.07896362990140915,
            0.012937766499817371,
            0.9424965319276867,
            0.9800255147070622,
            0.9948047884204952,
            0.9989770046696728,
            0.9999879647608196,
            1.0,
            0.07977496832609177,
            0.07148090749979019,
            0.01252321619540453,
            0.9520339343899271,
            0.98369140625,
            0.9957845052083333,
            0.999169921875,
            0.999990234375,
            1.0
        ]
    }
}