{"anchor_cls": 2.1572234630584717, "anchor_residual_reg": 0.017293459140746717, "data_time": 0.001960654743015766, "depth_estimate_loss": 2.9842653274536133, "eta_seconds": 10870.322248796001, "fast_rcnn/cls_accuracy": 0.4921875, "fast_rcnn/false_negative": 0.0, "fast_rcnn/fg_cls_accuracy": 1.0, "iteration": 19, "loss_box_reg": 0.000881191692315042, "loss_cls": 0.756244957447052, "loss_mask": 0.6974126398563385, "loss_rpn_cls": 0.6827985346317291, "loss_rpn_loc": 0.013427067082375288, "lr": 1.9981e-06, "mask_rcnn/accuracy": 0.2729591836734694, "mask_rcnn/false_negative": 0.93227965762942, "mask_rcnn/false_positive": 0.04922898274767758, "mean IOU": 0.019448025782091746, "mean MAE": 0.24783172607421872, "mean f measure": 0.8760841369628907, "roi_head/num_bg_samples": 127.0, "roi_head/num_fg_samples": 1.0, "rpn/num_neg_anchors": 251.5, "rpn/num_pos_anchors": 4.5, "time": 0.21749344235286117, "total_loss": 7.324919805819919}
{"anchor_cls": 1.8549364805221558, "anchor_residual_reg": 0.017247996716578354, "data_time": 0.0019887681119143963, "depth_estimate_loss": 2.9136598110198975, "eta_seconds": 10860.74599713087, "fast_rcnn/cls_accuracy": 0.775390625, "fast_rcnn/false_negative": 0.5, "fast_rcnn/fg_cls_accuracy": 0.5, "iteration": 29, "loss_box_reg": 0.0008647153445053846, "loss_cls": 0.6551742553710938, "loss_mask": 0.6963395178318024, "loss_rpn_cls": 0.6816368103027344, "loss_rpn_loc": 0.013419528026133776, "lr": 2.9971e-06, "mask_rcnn/accuracy": 0.3096301020408163, "mask_rcnn/false_negative": 0.889759215807755, "mask_rcnn/false_positive": 0.075827846017475, "roi_head/num_bg_samples": 127.0, "roi_head/num_fg_samples": 1.0, "rpn/num_neg_anchors": 251.5, "rpn/num_pos_anchors": 4.5, "time": 0.21768405428156257, "total_loss": 6.658957894223005}
