{"anchor_cls": 1.8855116367340088, "anchor_residual_reg": 0.038638508786440366, "data_time": 0.01020019967108965, "eta_seconds": 8545.830985335633, "fast_rcnn/cls_accuracy": 0.556640625, "fast_rcnn/false_negative": 0.8, "fast_rcnn/fg_cls_accuracy": 0.2, "iteration": 19, "loss_box_reg": 0.06081891059875488, "loss_cls": 0.698086142539978, "loss_mask": 0.6937167644500732, "loss_rpn_cls": 0.6591269075870514, "loss_rpn_loc": 0.016325938515365124, "lr": 1.9981e-06, "mask_rcnn/accuracy": 0.4845663265306122, "mask_rcnn/false_negative": 0.6219141416883869, "mask_rcnn/false_positive": 0.3885126684418624, "mean IOU": 0.0991320906139842, "mean MAE": 0.650286865234375, "mean f measure": 0.6748565673828126, "roi_head/num_bg_samples": 125.5, "roi_head/num_fg_samples": 2.5, "rpn/num_neg_anchors": 251.5, "rpn/num_pos_anchors": 4.5, "time": 0.17098501371219754, "total_loss": 4.033245157078529}
{"anchor_cls": 1.681184709072113, "anchor_residual_reg": 0.038616992841176694, "data_time": 0.020009683445096016, "eta_seconds": 9245.817364593968, "fast_rcnn/cls_accuracy": 0.81640625, "fast_rcnn/false_negative": 0.8, "fast_rcnn/fg_cls_accuracy": 0.2, "iteration": 29, "loss_box_reg": 0.06073781102895737, "loss_cls": 0.633619487285614, "loss_mask": 0.6933155059814453, "loss_rpn_cls": 0.6586367785930634, "loss_rpn_loc": 0.016303054057061672, "lr": 2.9971e-06, "mask_rcnn/accuracy": 0.5088169642857143, "mask_rcnn/false_negative": 0.5483887856304832, "mask_rcnn/false_positive": 0.4556866344268772, "roi_head/num_bg_samples": 125.5, "roi_head/num_fg_samples": 2.5, "rpn/num_neg_anchors": 251.5, "rpn/num_pos_anchors": 4.5, "time": 0.1862179017625749, "total_loss": 3.761493583204916}
